               epoch,      train/box_loss,      train/obj_loss,      train/cls_loss,   metrics/precision,      metrics/recall,     metrics/mAP_0.5,metrics/mAP_0.5:0.95,        val/box_loss,        val/obj_loss,        val/cls_loss,               x/lr0,               x/lr1,               x/lr2
                   0,            0.079049,            0.025473,            0.077397,           0.0033366,             0.95192,            0.049689,            0.018389,            0.028318,            0.011287,            0.052395,            0.070476,           0.0032804,           0.0032804
                   1,            0.054029,            0.021161,            0.076354,            0.036471,             0.67757,             0.12091,             0.07538,            0.021305,           0.0077202,              0.0517,            0.040463,           0.0066007,           0.0066007
                   2,            0.051066,            0.018498,            0.074626,            0.034608,             0.60958,             0.12239,             0.07737,            0.026357,           0.0047275,            0.051674,            0.010437,           0.0099077,           0.0099077
                   3,            0.043732,            0.015428,            0.070203,             0.01839,             0.94872,             0.14097,            0.059496,            0.032106,           0.0041579,             0.05051,           0.0099406,           0.0099406,           0.0099406
                   4,            0.040551,            0.014229,            0.069195,            0.036177,             0.92885,             0.18695,             0.10001,             0.02201,            0.003936,            0.050477,           0.0099406,           0.0099406,           0.0099406
                   5,            0.041356,            0.013353,            0.070205,             0.06182,             0.82115,             0.24994,             0.13452,            0.022898,           0.0037634,            0.049181,           0.0099208,           0.0099208,           0.0099208
                   6,            0.037558,            0.012741,             0.06835,            0.024031,             0.91346,             0.16509,             0.08603,              0.0264,            0.005317,             0.04895,            0.009901,            0.009901,            0.009901
                   7,            0.037031,            0.012721,            0.067399,             0.36616,             0.28846,             0.27916,              0.2015,             0.01566,           0.0035479,            0.045161,           0.0098812,           0.0098812,           0.0098812
                   8,            0.036098,             0.01269,            0.066634,             0.32811,             0.24908,             0.27761,             0.16771,            0.018807,           0.0038361,            0.044417,           0.0098614,           0.0098614,           0.0098614
                   9,            0.034187,            0.012427,            0.064978,             0.35204,             0.37112,             0.28532,             0.17874,            0.018868,           0.0033857,            0.044176,           0.0098416,           0.0098416,           0.0098416
                  10,            0.035367,            0.012099,            0.065754,             0.43862,             0.51916,             0.40361,             0.28115,            0.016751,           0.0033394,            0.040681,           0.0098218,           0.0098218,           0.0098218
                  11,               0.033,            0.012155,            0.061531,             0.40665,             0.49612,             0.36602,             0.24708,            0.017759,           0.0032895,            0.039994,            0.009802,            0.009802,            0.009802
                  12,            0.031058,            0.011376,            0.061344,             0.38792,             0.34102,             0.38208,             0.26363,            0.018984,           0.0043732,            0.039719,           0.0097822,           0.0097822,           0.0097822
                  13,            0.032286,            0.011336,            0.057486,             0.35743,              0.5856,             0.39773,             0.26121,            0.020005,           0.0033092,            0.037061,           0.0097624,           0.0097624,           0.0097624
                  14,            0.031543,            0.011676,            0.056955,              0.3673,             0.55591,             0.48079,             0.30014,            0.019806,           0.0030483,             0.03563,           0.0097426,           0.0097426,           0.0097426
                  15,            0.031996,            0.011338,            0.055289,             0.37155,             0.54076,             0.49965,             0.28128,            0.018925,            0.003455,            0.035299,           0.0097228,           0.0097228,           0.0097228
                  16,            0.031444,             0.01135,            0.058115,             0.39947,             0.53997,             0.40452,              0.2637,            0.019395,           0.0041141,            0.035517,            0.009703,            0.009703,            0.009703
                  17,            0.031977,            0.011568,            0.056146,             0.37667,             0.59572,             0.47091,             0.32232,            0.017867,           0.0041395,            0.034129,           0.0096832,           0.0096832,           0.0096832
                  18,            0.032905,            0.011567,            0.058069,             0.31069,             0.71649,             0.51474,             0.34217,            0.020073,           0.0035278,            0.032469,           0.0096634,           0.0096634,           0.0096634
                  19,            0.032243,            0.011593,            0.055149,             0.33739,             0.70321,              0.5684,             0.40788,            0.015952,            0.003432,            0.029857,           0.0096436,           0.0096436,           0.0096436
                  20,            0.030304,            0.011467,            0.058101,             0.29462,             0.65833,             0.55411,             0.42954,            0.014151,           0.0031766,            0.030661,           0.0096238,           0.0096238,           0.0096238
                  21,            0.030835,            0.011534,            0.054124,              0.3375,              0.7583,             0.57347,             0.41941,            0.016737,           0.0033604,            0.030148,            0.009604,            0.009604,            0.009604
                  22,            0.029691,            0.011299,            0.052032,             0.33928,             0.68112,             0.59168,             0.44274,            0.015252,           0.0031623,            0.029593,           0.0095842,           0.0095842,           0.0095842
                  23,            0.029982,            0.011275,            0.051487,             0.39302,             0.75985,              0.6428,             0.52047,            0.014419,           0.0029703,            0.027602,           0.0095644,           0.0095644,           0.0095644
                  24,            0.032935,            0.011284,            0.050259,             0.38785,             0.72643,             0.57867,             0.42072,            0.014068,           0.0033499,            0.029153,           0.0095446,           0.0095446,           0.0095446
                  25,            0.030193,            0.010911,            0.052765,             0.48025,             0.71261,             0.67481,             0.46698,            0.018008,           0.0033719,            0.027493,           0.0095248,           0.0095248,           0.0095248
                  26,            0.030675,            0.011168,            0.050985,              0.3426,             0.73547,             0.64905,             0.43972,              0.0182,           0.0033685,            0.027404,            0.009505,            0.009505,            0.009505
                  27,            0.029948,             0.01101,            0.050199,             0.47623,             0.70466,             0.69023,             0.46926,            0.017981,           0.0033177,            0.025688,           0.0094852,           0.0094852,           0.0094852
                  28,            0.029821,            0.011473,             0.05097,             0.44071,             0.73176,              0.7319,              0.5437,             0.01499,           0.0032042,            0.024612,           0.0094654,           0.0094654,           0.0094654
                  29,            0.031772,            0.010846,            0.049539,             0.43231,             0.73324,             0.64338,             0.46424,            0.014116,           0.0033532,            0.025024,           0.0094456,           0.0094456,           0.0094456
                  30,            0.029625,            0.011369,            0.046386,             0.38543,             0.76672,             0.70496,             0.54031,            0.015184,           0.0029017,             0.02464,           0.0094258,           0.0094258,           0.0094258
                  31,            0.027798,            0.010589,            0.047488,             0.48306,              0.8096,             0.76889,             0.57244,            0.015905,           0.0029941,             0.02243,            0.009406,            0.009406,            0.009406
                  32,              0.0288,            0.010543,            0.047346,             0.55487,             0.71532,             0.76952,             0.60276,            0.013859,           0.0029258,            0.022354,           0.0093862,           0.0093862,           0.0093862
                  33,            0.028314,            0.010822,            0.045984,             0.53848,             0.73843,             0.76568,             0.53653,            0.015553,            0.003186,            0.022136,           0.0093664,           0.0093664,           0.0093664
                  34,            0.030414,            0.010921,            0.042857,               0.617,             0.67641,             0.75134,              0.5699,            0.016525,           0.0036049,            0.022086,           0.0093466,           0.0093466,           0.0093466
                  35,            0.028204,            0.010456,            0.042956,             0.48575,             0.80321,             0.74378,             0.58823,            0.012382,           0.0032947,            0.021491,           0.0093268,           0.0093268,           0.0093268
                  36,            0.028115,            0.010758,            0.042481,             0.59889,             0.81586,             0.80957,              0.6358,            0.012213,           0.0031585,            0.020184,            0.009307,            0.009307,            0.009307
                  37,            0.028596,            0.011227,            0.043433,             0.55081,             0.80346,             0.77271,             0.59001,            0.014339,            0.003415,            0.020546,           0.0092872,           0.0092872,           0.0092872
                  38,            0.027558,            0.010274,            0.043636,             0.56124,             0.77217,             0.77003,             0.56572,            0.014086,           0.0029279,            0.022042,           0.0092674,           0.0092674,           0.0092674
                  39,            0.028676,            0.010689,            0.043268,             0.50835,             0.84887,              0.8044,             0.58299,            0.014219,           0.0031476,            0.019545,           0.0092476,           0.0092476,           0.0092476
                  40,            0.027458,            0.010706,            0.039489,             0.55444,             0.79834,             0.80043,             0.58659,            0.014133,           0.0029899,            0.018535,           0.0092278,           0.0092278,           0.0092278
                  41,            0.025879,            0.010451,            0.039317,             0.68918,             0.79154,             0.85549,             0.64508,            0.013926,           0.0029166,            0.016314,            0.009208,            0.009208,            0.009208
                  42,            0.028118,            0.010145,            0.039395,             0.56108,             0.83284,             0.84398,             0.65172,            0.014034,           0.0029063,            0.017939,           0.0091882,           0.0091882,           0.0091882
                  43,            0.026311,            0.010664,            0.039153,             0.76281,             0.75407,             0.83193,              0.6225,            0.013991,           0.0029051,            0.015697,           0.0091684,           0.0091684,           0.0091684
                  44,            0.030603,            0.010485,            0.038494,             0.66773,              0.7896,             0.82273,             0.62271,            0.014323,           0.0029798,            0.016587,           0.0091486,           0.0091486,           0.0091486
                  45,            0.027683,            0.010507,            0.036058,             0.68917,             0.77782,             0.84269,             0.64388,            0.013459,           0.0028365,            0.018562,           0.0091288,           0.0091288,           0.0091288
                  46,            0.026679,            0.010641,            0.036237,              0.6122,             0.86341,             0.84565,             0.66031,            0.012735,           0.0029136,            0.015767,            0.009109,            0.009109,            0.009109
                  47,            0.025781,           0.0098847,             0.03469,             0.64399,             0.78414,             0.84843,             0.61408,            0.016573,           0.0029862,            0.016699,           0.0090892,           0.0090892,           0.0090892
                  48,            0.026795,            0.010615,            0.039019,             0.84476,             0.70966,             0.84592,             0.62704,            0.015956,            0.002985,            0.017506,           0.0090694,           0.0090694,           0.0090694
                  49,             0.02888,            0.010268,            0.038973,             0.69628,             0.85538,             0.85864,             0.69323,            0.014235,           0.0028357,            0.013794,           0.0090496,           0.0090496,           0.0090496
                  50,            0.026503,             0.01009,             0.03502,             0.69966,             0.83198,             0.87028,             0.67482,            0.014914,            0.003119,            0.013142,           0.0090298,           0.0090298,           0.0090298
                  51,            0.026264,            0.010388,            0.035816,             0.80681,             0.78712,             0.87143,             0.64899,             0.01324,           0.0032207,            0.012242,             0.00901,             0.00901,             0.00901
                  52,            0.026646,            0.010109,            0.037258,             0.67533,             0.88927,             0.87377,             0.62354,            0.017485,            0.003067,            0.011768,           0.0089902,           0.0089902,           0.0089902
                  53,            0.028431,           0.0098816,            0.033544,             0.88473,             0.73385,             0.86464,             0.65726,            0.015109,           0.0033394,            0.012056,           0.0089704,           0.0089704,           0.0089704
                  54,            0.025362,            0.010114,            0.033858,             0.66028,             0.84858,             0.85707,             0.67343,             0.01434,           0.0029564,            0.012801,           0.0089506,           0.0089506,           0.0089506
                  55,            0.025621,            0.010186,             0.03359,             0.87133,             0.75276,             0.87067,             0.66324,            0.017339,           0.0028748,            0.011475,           0.0089308,           0.0089308,           0.0089308
                  56,             0.02683,           0.0098803,             0.03359,             0.72312,             0.88029,             0.89044,             0.65442,            0.015844,           0.0029148,            0.011148,            0.008911,            0.008911,            0.008911
                  57,            0.026255,            0.010025,            0.033685,             0.83134,              0.7816,             0.88026,             0.70169,            0.012974,           0.0030814,            0.010915,           0.0088912,           0.0088912,           0.0088912
                  58,            0.025196,           0.0099457,            0.035055,             0.70635,             0.88202,             0.90527,             0.68079,            0.014649,           0.0030922,            0.011327,           0.0088714,           0.0088714,           0.0088714
                  59,            0.027455,           0.0097687,            0.034894,             0.73587,              0.8842,             0.89591,              0.6963,            0.013451,           0.0029318,            0.010649,           0.0088516,           0.0088516,           0.0088516
                  60,            0.025445,           0.0099162,            0.031554,             0.77963,              0.8255,             0.88263,             0.69493,            0.014009,           0.0030923,            0.011356,           0.0088318,           0.0088318,           0.0088318
                  61,            0.025743,            0.010086,            0.032885,             0.70328,              0.8911,             0.89278,             0.65532,            0.014771,           0.0031941,            0.010798,            0.008812,            0.008812,            0.008812
                  62,            0.026565,           0.0099404,            0.033876,             0.74358,             0.78394,             0.88109,             0.68364,            0.013618,           0.0030435,             0.01303,           0.0087922,           0.0087922,           0.0087922
                  63,             0.02558,           0.0099865,             0.03194,              0.7541,             0.87085,             0.89983,             0.67696,            0.014683,           0.0028716,             0.01117,           0.0087724,           0.0087724,           0.0087724
                  64,            0.026399,           0.0097287,            0.031115,             0.69147,             0.86353,              0.8841,             0.69546,            0.012593,            0.002957,            0.012372,           0.0087526,           0.0087526,           0.0087526
                  65,            0.025114,           0.0097767,            0.031721,             0.80263,             0.85692,             0.89753,             0.68768,            0.013336,           0.0029424,            0.010277,           0.0087328,           0.0087328,           0.0087328
                  66,             0.02649,            0.010209,            0.030568,             0.79692,             0.87567,             0.90085,             0.67382,            0.014682,           0.0029405,            0.009338,            0.008713,            0.008713,            0.008713
                  67,            0.026059,           0.0096342,            0.031665,             0.74568,             0.87215,             0.91258,              0.7192,             0.01245,           0.0029582,            0.011411,           0.0086932,           0.0086932,           0.0086932
                  68,            0.025718,            0.010218,            0.029605,             0.76817,             0.86293,               0.903,             0.70114,            0.013245,           0.0029328,           0.0096649,           0.0086734,           0.0086734,           0.0086734
                  69,             0.02594,           0.0099762,            0.031764,               0.742,              0.8616,             0.91048,             0.71354,            0.013823,           0.0031085,           0.0085859,           0.0086536,           0.0086536,           0.0086536
                  70,            0.026489,           0.0097987,            0.033086,              0.7758,             0.87946,             0.88738,             0.64736,            0.015997,            0.003051,             0.00884,           0.0086338,           0.0086338,           0.0086338
                  71,             0.02557,            0.009876,            0.030396,             0.80585,             0.80671,             0.89443,             0.66378,            0.015808,           0.0031258,            0.010435,            0.008614,            0.008614,            0.008614
                  72,            0.026623,            0.010074,            0.031605,             0.80345,             0.90319,             0.91683,             0.67773,            0.015099,           0.0032106,           0.0084875,           0.0085942,           0.0085942,           0.0085942
                  73,            0.024122,           0.0099464,            0.027612,             0.80292,             0.85767,             0.89674,             0.69842,            0.013344,           0.0027082,           0.0082098,           0.0085744,           0.0085744,           0.0085744
                  74,            0.027083,           0.0098349,            0.030272,              0.8188,             0.87386,              0.8936,             0.68749,            0.014273,           0.0029911,           0.0095021,           0.0085546,           0.0085546,           0.0085546
                  75,            0.026014,           0.0094723,            0.031054,             0.80035,             0.86398,             0.91173,             0.71847,            0.012174,             0.00275,           0.0082305,           0.0085348,           0.0085348,           0.0085348
                  76,            0.025613,            0.009942,            0.028185,             0.89264,             0.86668,             0.93285,             0.72014,            0.013735,            0.002821,           0.0067888,            0.008515,            0.008515,            0.008515
                  77,            0.024886,           0.0095867,            0.027757,             0.85719,             0.83184,             0.92367,             0.73174,            0.013099,           0.0028447,           0.0087652,           0.0084952,           0.0084952,           0.0084952
                  78,            0.025466,           0.0098514,            0.028396,             0.83035,             0.87347,             0.92084,             0.75354,            0.014051,           0.0028822,           0.0074275,           0.0084754,           0.0084754,           0.0084754
                  79,            0.025077,           0.0098303,            0.030773,             0.72223,             0.90727,             0.90025,             0.66827,             0.01559,           0.0029926,           0.0078986,           0.0084556,           0.0084556,           0.0084556
                  80,            0.026281,           0.0095446,            0.028639,             0.77412,             0.85971,             0.90523,             0.67818,            0.015199,           0.0029905,           0.0089028,           0.0084358,           0.0084358,           0.0084358
                  81,            0.026157,           0.0096185,            0.028525,             0.80372,             0.86811,              0.9069,              0.6815,            0.014275,            0.002718,           0.0078705,            0.008416,            0.008416,            0.008416
                  82,            0.025245,           0.0098811,            0.029687,             0.75248,             0.86106,             0.89889,             0.71667,            0.012718,           0.0027389,           0.0098157,           0.0083962,           0.0083962,           0.0083962
                  83,            0.024532,           0.0092793,            0.026219,             0.77413,             0.84917,             0.90279,             0.69742,             0.01245,           0.0028545,           0.0096467,           0.0083764,           0.0083764,           0.0083764
                  84,             0.02553,           0.0098185,             0.02851,             0.73061,             0.88611,             0.90867,             0.71527,            0.012471,           0.0029088,           0.0088768,           0.0083566,           0.0083566,           0.0083566
                  85,            0.024488,           0.0098371,            0.029167,             0.76602,               0.868,             0.92783,             0.73734,            0.012769,            0.002969,              0.0097,           0.0083368,           0.0083368,           0.0083368
                  86,            0.026243,           0.0092576,            0.026337,             0.78844,             0.85633,             0.90216,             0.69128,            0.013182,           0.0030859,            0.010046,            0.008317,            0.008317,            0.008317
                  87,            0.025385,           0.0095312,            0.027017,             0.83805,             0.85814,             0.90873,             0.67984,            0.014152,           0.0029646,           0.0083982,           0.0082972,           0.0082972,           0.0082972
                  88,            0.024131,           0.0093993,            0.026862,             0.87838,             0.84693,             0.91858,             0.70956,            0.013631,            0.002826,           0.0082476,           0.0082774,           0.0082774,           0.0082774
                  89,            0.023795,           0.0095183,            0.026092,             0.85696,             0.83935,             0.91966,             0.74893,             0.01365,           0.0027956,           0.0089884,           0.0082576,           0.0082576,           0.0082576
                  90,            0.023963,           0.0097197,            0.026397,             0.82871,             0.82023,             0.90449,             0.68651,            0.014316,            0.002854,            0.010057,           0.0082378,           0.0082378,           0.0082378
                  91,            0.022385,           0.0095452,            0.025873,             0.80886,             0.81935,             0.89317,             0.70506,            0.012728,           0.0027438,            0.010614,            0.008218,            0.008218,            0.008218
                  92,            0.024882,           0.0096562,            0.029967,             0.78053,             0.85335,             0.91249,               0.687,            0.015365,           0.0028498,           0.0094078,           0.0081982,           0.0081982,           0.0081982
                  93,            0.023348,            0.010096,            0.026488,             0.82993,             0.85397,             0.92312,             0.73072,            0.013646,             0.00286,           0.0080643,           0.0081784,           0.0081784,           0.0081784
                  94,            0.024032,           0.0094835,            0.026182,             0.83995,             0.85405,             0.90168,             0.69126,            0.012847,           0.0028683,           0.0075356,           0.0081586,           0.0081586,           0.0081586
                  95,            0.024194,           0.0093103,            0.026628,             0.83466,             0.86111,             0.90294,              0.7303,            0.010932,           0.0027256,           0.0074647,           0.0081388,           0.0081388,           0.0081388
                  96,            0.024538,           0.0093485,            0.027775,             0.89493,             0.86513,             0.90383,             0.71942,            0.011773,           0.0029294,             0.00952,            0.008119,            0.008119,            0.008119
                  97,             0.02481,            0.009682,            0.030158,             0.85109,             0.86317,             0.90526,             0.70537,            0.012604,            0.002759,           0.0079432,           0.0080992,           0.0080992,           0.0080992
                  98,            0.021781,           0.0093691,            0.025874,             0.89375,             0.81192,             0.88745,             0.70225,            0.013394,           0.0028136,           0.0096924,           0.0080794,           0.0080794,           0.0080794
                  99,            0.024836,           0.0092114,            0.025008,              0.7834,             0.87606,             0.89944,              0.6789,            0.015074,           0.0029778,           0.0095386,           0.0080596,           0.0080596,           0.0080596
                 100,            0.024417,           0.0096443,            0.025497,             0.84263,             0.85325,              0.9035,             0.70701,             0.01556,           0.0029036,           0.0084148,           0.0080398,           0.0080398,           0.0080398
                 101,            0.023234,             0.00893,             0.02445,             0.83159,             0.85712,             0.92316,             0.68896,            0.013997,           0.0031226,            0.007685,             0.00802,             0.00802,             0.00802
                 102,            0.025057,            0.009281,            0.026372,             0.73623,             0.89732,             0.89973,             0.71551,            0.011408,           0.0028662,           0.0086195,           0.0080002,           0.0080002,           0.0080002
                 103,            0.023013,           0.0091158,            0.024992,             0.84049,             0.83211,             0.90216,             0.68988,            0.012608,           0.0027484,            0.009787,           0.0079804,           0.0079804,           0.0079804
                 104,            0.023903,           0.0097707,            0.026282,              0.8716,             0.85884,             0.92961,             0.71452,            0.014392,           0.0028979,           0.0069268,           0.0079606,           0.0079606,           0.0079606
                 105,            0.023584,             0.00952,            0.026589,              0.7817,             0.82887,             0.90935,             0.69477,            0.013967,           0.0029608,           0.0090107,           0.0079408,           0.0079408,           0.0079408
                 106,            0.024655,           0.0093328,            0.025496,             0.86739,             0.79477,             0.90663,             0.70828,            0.014101,           0.0027679,           0.0089187,            0.007921,            0.007921,            0.007921
                 107,            0.023571,           0.0098787,             0.02349,             0.88111,              0.7483,             0.87884,             0.67593,            0.014217,            0.002844,           0.0089797,           0.0079012,           0.0079012,           0.0079012
                 108,            0.023189,           0.0089928,            0.024111,             0.83556,             0.86888,             0.90872,             0.72157,            0.013353,           0.0027501,           0.0071463,           0.0078814,           0.0078814,           0.0078814
                 109,            0.022019,           0.0089865,            0.023188,             0.77262,             0.87006,              0.9152,             0.72305,            0.014331,            0.002814,           0.0077862,           0.0078616,           0.0078616,           0.0078616
                 110,             0.02304,           0.0088457,            0.023366,             0.84271,             0.81628,             0.90572,              0.7064,            0.013143,           0.0027807,           0.0081701,           0.0078418,           0.0078418,           0.0078418
                 111,            0.021918,            0.009286,            0.023076,             0.84748,             0.84612,             0.89657,             0.72782,            0.011793,           0.0027092,           0.0077939,            0.007822,            0.007822,            0.007822
                 112,            0.022297,           0.0091627,            0.021157,             0.82862,              0.8367,             0.90659,             0.71908,             0.01277,           0.0027956,           0.0098703,           0.0078022,           0.0078022,           0.0078022
                 113,            0.022958,           0.0095082,            0.024431,             0.79613,             0.84039,             0.90881,             0.71477,            0.013159,           0.0029539,           0.0096382,           0.0077824,           0.0077824,           0.0077824
                 114,            0.023102,           0.0095732,            0.023202,             0.85643,             0.83032,             0.90082,             0.69684,            0.013569,           0.0030406,            0.009393,           0.0077626,           0.0077626,           0.0077626
                 115,            0.024005,           0.0091752,            0.024036,             0.85745,             0.83385,             0.90975,             0.71932,             0.01341,           0.0026564,           0.0083332,           0.0077428,           0.0077428,           0.0077428
                 116,            0.024597,           0.0091495,            0.025968,              0.8832,             0.82835,             0.91016,             0.73438,            0.011931,           0.0027032,           0.0070287,            0.007723,            0.007723,            0.007723
                 117,            0.022704,           0.0095584,            0.022413,             0.85434,             0.82892,              0.9109,             0.73472,             0.01126,             0.00269,            0.008771,           0.0077032,           0.0077032,           0.0077032
                 118,            0.023583,           0.0092879,            0.024068,              0.8628,             0.85122,             0.92775,             0.74867,            0.012456,           0.0027109,           0.0065841,           0.0076834,           0.0076834,           0.0076834
                 119,             0.02329,           0.0089667,            0.024371,             0.90172,             0.84399,             0.91778,              0.7407,            0.012058,           0.0026842,           0.0064541,           0.0076636,           0.0076636,           0.0076636
                 120,            0.022606,            0.009109,             0.02003,             0.83317,             0.78459,             0.90084,             0.72043,            0.011758,           0.0029449,            0.010447,           0.0076438,           0.0076438,           0.0076438
                 121,            0.021728,           0.0086448,            0.022136,             0.76916,             0.90726,             0.92589,             0.73413,            0.012074,           0.0027541,           0.0096413,            0.007624,            0.007624,            0.007624
                 122,            0.024893,           0.0092956,            0.022753,             0.86974,             0.81839,             0.88245,             0.71247,            0.012476,           0.0027475,            0.011601,           0.0076042,           0.0076042,           0.0076042
                 123,            0.023382,           0.0092534,            0.023288,             0.70448,             0.85701,             0.89093,             0.70546,            0.013693,           0.0027163,            0.012075,           0.0075844,           0.0075844,           0.0075844
                 124,            0.023797,            0.009201,            0.024622,             0.81609,             0.85781,             0.86916,             0.68852,            0.013223,           0.0028028,           0.0090528,           0.0075646,           0.0075646,           0.0075646
                 125,            0.022224,           0.0092864,            0.022327,             0.77899,             0.87207,             0.89668,             0.70125,            0.012271,           0.0029004,           0.0088892,           0.0075448,           0.0075448,           0.0075448
                 126,            0.021261,           0.0085917,             0.02099,             0.85251,             0.82546,             0.90584,             0.71978,            0.012183,           0.0026962,           0.0097424,            0.007525,            0.007525,            0.007525
                 127,            0.022922,           0.0091949,            0.023699,             0.80169,             0.81676,             0.86766,             0.69143,            0.012082,           0.0026398,            0.011172,           0.0075052,           0.0075052,           0.0075052
                 128,            0.021419,           0.0087666,             0.02149,             0.86444,             0.83915,             0.91838,              0.7266,            0.012337,           0.0026294,            0.010074,           0.0074854,           0.0074854,           0.0074854
                 129,            0.024135,           0.0088373,            0.023683,             0.71792,             0.92355,             0.90452,             0.71093,            0.012449,           0.0026963,            0.011887,           0.0074656,           0.0074656,           0.0074656
                 130,            0.022547,           0.0088487,            0.023428,             0.84705,             0.87269,             0.92378,             0.73601,            0.011962,           0.0025994,           0.0079982,           0.0074458,           0.0074458,           0.0074458
                 131,            0.023935,           0.0090957,             0.02548,             0.87319,             0.82417,             0.91796,             0.73678,            0.012579,           0.0024896,           0.0080628,            0.007426,            0.007426,            0.007426
                 132,            0.023087,           0.0091379,            0.022224,             0.87478,             0.78665,             0.90333,             0.72164,            0.011866,           0.0027504,            0.010911,           0.0074062,           0.0074062,           0.0074062
                 133,            0.023255,           0.0090535,            0.023313,             0.83579,             0.83761,             0.90222,             0.70511,            0.012586,           0.0027656,            0.014078,           0.0073864,           0.0073864,           0.0073864
                 134,            0.022855,           0.0086618,             0.01933,             0.90361,             0.84729,             0.92544,             0.76466,            0.010713,           0.0025638,           0.0061026,           0.0073666,           0.0073666,           0.0073666
                 135,            0.022711,           0.0090617,            0.020341,             0.89247,             0.84513,             0.92834,             0.69746,            0.012636,            0.002709,            0.006365,           0.0073468,           0.0073468,           0.0073468
                 136,            0.023363,           0.0091551,             0.02253,             0.88525,             0.85522,             0.91478,             0.74414,            0.011932,           0.0026755,           0.0076698,            0.007327,            0.007327,            0.007327
                 137,            0.023471,           0.0090079,            0.022477,              0.8936,             0.85336,             0.90418,             0.69572,            0.013362,            0.002792,           0.0076635,           0.0073072,           0.0073072,           0.0073072
                 138,            0.021418,           0.0090229,            0.020806,              0.9011,             0.85336,             0.92587,             0.74769,            0.012792,           0.0026143,           0.0084741,           0.0072874,           0.0072874,           0.0072874
                 139,            0.022238,           0.0090565,            0.021022,             0.88678,              0.8233,             0.92591,             0.74148,            0.011325,           0.0026928,           0.0081769,           0.0072676,           0.0072676,           0.0072676
                 140,            0.022967,           0.0089725,            0.023183,             0.90784,             0.81394,             0.90667,             0.70225,            0.012538,           0.0026627,           0.0068547,           0.0072478,           0.0072478,           0.0072478
                 141,            0.022544,           0.0089094,             0.02165,             0.89683,             0.86316,             0.92073,             0.72166,            0.012124,           0.0025198,           0.0073915,            0.007228,            0.007228,            0.007228
                 142,            0.020603,           0.0087879,            0.020348,              0.8731,             0.84396,             0.92278,             0.74308,            0.011577,           0.0024751,           0.0098318,           0.0072082,           0.0072082,           0.0072082
                 143,            0.021698,           0.0086755,            0.022435,             0.85246,             0.87678,             0.91255,               0.704,             0.01477,           0.0027256,           0.0080166,           0.0071884,           0.0071884,           0.0071884
                 144,            0.022906,           0.0088077,            0.022629,             0.87728,             0.74499,             0.92193,             0.74062,            0.011984,           0.0025577,           0.0095397,           0.0071686,           0.0071686,           0.0071686
                 145,            0.022514,           0.0086197,            0.022558,             0.87358,             0.83064,             0.91644,             0.72899,            0.012972,           0.0026553,           0.0089842,           0.0071488,           0.0071488,           0.0071488
                 146,            0.022032,           0.0087146,            0.021861,             0.86753,             0.87427,             0.93839,             0.72671,             0.01306,           0.0027672,           0.0075341,            0.007129,            0.007129,            0.007129
                 147,            0.021631,           0.0088078,            0.021287,             0.86049,             0.86522,             0.93276,              0.7333,            0.012384,           0.0027452,           0.0077839,           0.0071092,           0.0071092,           0.0071092
                 148,            0.022905,           0.0086894,            0.018794,             0.90836,             0.82455,               0.927,             0.71426,            0.013443,           0.0027879,            0.007561,           0.0070894,           0.0070894,           0.0070894
                 149,            0.021079,           0.0089607,            0.019143,             0.87168,             0.82183,             0.92568,             0.73628,            0.011923,           0.0027724,           0.0073907,           0.0070696,           0.0070696,           0.0070696
                 150,            0.021972,           0.0090972,            0.022223,              0.8066,              0.8421,             0.89174,             0.71186,            0.011671,           0.0024784,            0.007538,           0.0070498,           0.0070498,           0.0070498
                 151,            0.021958,           0.0086719,            0.020985,               0.889,             0.86414,             0.93343,             0.73987,            0.011102,           0.0026549,           0.0068948,             0.00703,             0.00703,             0.00703
                 152,            0.022655,           0.0087444,            0.022942,             0.86512,             0.81762,             0.90345,             0.69106,            0.012928,           0.0028233,           0.0095151,           0.0070102,           0.0070102,           0.0070102
                 153,            0.021898,           0.0088217,            0.019919,             0.83561,             0.79377,             0.90582,             0.69781,            0.012908,           0.0028687,            0.011433,           0.0069904,           0.0069904,           0.0069904
                 154,            0.021989,            0.009013,            0.022173,             0.86833,             0.86736,             0.91217,             0.73758,             0.01209,             0.00282,            0.010001,           0.0069706,           0.0069706,           0.0069706
                 155,            0.021215,           0.0085909,            0.020787,             0.83228,             0.82452,             0.88793,             0.69439,            0.012358,           0.0027179,           0.0099637,           0.0069508,           0.0069508,           0.0069508
                 156,            0.021886,           0.0089063,            0.020598,             0.87361,             0.85205,             0.90334,             0.71355,            0.012449,           0.0027283,           0.0094552,            0.006931,            0.006931,            0.006931
                 157,            0.022949,           0.0085661,            0.020724,             0.86863,             0.81149,              0.8992,             0.69526,            0.014066,           0.0027654,            0.010117,           0.0069112,           0.0069112,           0.0069112
                 158,            0.020535,           0.0088494,            0.020747,             0.87428,             0.84864,             0.92314,             0.70577,            0.013866,           0.0028771,           0.0098482,           0.0068914,           0.0068914,           0.0068914
                 159,            0.022115,           0.0084759,            0.021686,             0.90377,             0.86645,             0.94002,             0.74961,            0.013057,           0.0026785,           0.0060075,           0.0068716,           0.0068716,           0.0068716
                 160,            0.020908,           0.0088984,            0.019881,             0.88433,             0.84493,             0.91942,             0.74449,            0.011271,           0.0026781,           0.0080765,           0.0068518,           0.0068518,           0.0068518
                 161,            0.022163,           0.0089293,            0.023188,             0.70409,             0.91756,              0.9315,             0.74065,            0.012298,           0.0026677,           0.0090006,            0.006832,            0.006832,            0.006832
                 162,            0.021095,           0.0087595,            0.022014,             0.87703,             0.85296,             0.90065,             0.73172,            0.012135,           0.0027348,           0.0082513,           0.0068122,           0.0068122,           0.0068122
                 163,             0.02036,           0.0088525,            0.020892,             0.88967,             0.82702,              0.9143,             0.73405,            0.012102,           0.0027314,           0.0092476,           0.0067924,           0.0067924,           0.0067924
                 164,             0.02112,           0.0083792,            0.020316,              0.8475,             0.84766,             0.91672,             0.74756,            0.012688,           0.0025979,           0.0089123,           0.0067726,           0.0067726,           0.0067726
                 165,            0.021207,           0.0085382,            0.019415,             0.86979,             0.84549,              0.9192,             0.72241,            0.012357,           0.0025968,           0.0081447,           0.0067528,           0.0067528,           0.0067528
                 166,            0.023388,           0.0087732,              0.0208,             0.88715,             0.82917,             0.92403,             0.75108,            0.012293,           0.0025909,           0.0072469,            0.006733,            0.006733,            0.006733
                 167,             0.02239,           0.0085182,             0.02092,             0.90526,             0.86329,             0.91655,             0.73718,            0.012347,           0.0026207,           0.0063804,           0.0067132,           0.0067132,           0.0067132
                 168,             0.02235,           0.0083385,            0.018069,             0.87771,             0.86325,             0.92806,             0.71961,             0.01322,           0.0027453,           0.0074515,           0.0066934,           0.0066934,           0.0066934
                 169,             0.02023,           0.0082229,            0.016569,              0.7919,             0.90365,             0.94744,             0.75329,            0.012686,            0.002775,           0.0077957,           0.0066736,           0.0066736,           0.0066736
                 170,            0.021768,            0.008717,            0.018796,             0.92348,             0.86738,             0.93567,             0.73012,            0.012276,           0.0027513,            0.006116,           0.0066538,           0.0066538,           0.0066538
                 171,            0.020982,           0.0088082,            0.019464,              0.8983,             0.85598,             0.91661,             0.72606,            0.013466,           0.0027966,           0.0078067,            0.006634,            0.006634,            0.006634
                 172,            0.022788,           0.0086706,            0.020931,             0.87074,             0.87566,             0.90205,             0.68588,             0.01368,           0.0028176,           0.0079676,           0.0066142,           0.0066142,           0.0066142
                 173,            0.020612,           0.0087189,            0.020531,             0.83703,             0.84759,              0.9119,             0.69833,            0.013069,           0.0028948,            0.010047,           0.0065944,           0.0065944,           0.0065944
                 174,            0.020711,           0.0085711,             0.02078,             0.85025,             0.88142,              0.9338,             0.72883,            0.013734,           0.0030551,           0.0076408,           0.0065746,           0.0065746,           0.0065746
                 175,            0.020011,           0.0085684,            0.018704,             0.88782,             0.80615,             0.90972,             0.71586,            0.012251,           0.0029659,           0.0096227,           0.0065548,           0.0065548,           0.0065548
                 176,            0.020527,           0.0082257,             0.01839,             0.78199,             0.87284,             0.89648,             0.73279,            0.010895,           0.0026011,           0.0089099,            0.006535,            0.006535,            0.006535
                 177,            0.020522,            0.008729,             0.01797,             0.83857,             0.86892,              0.9231,             0.74093,            0.011767,           0.0025571,           0.0086437,           0.0065152,           0.0065152,           0.0065152
                 178,            0.020259,           0.0083666,            0.017728,             0.85256,              0.8248,             0.92737,             0.72903,             0.01223,           0.0026069,           0.0077785,           0.0064954,           0.0064954,           0.0064954
                 179,            0.020485,           0.0084067,            0.017548,             0.88116,             0.83615,             0.92287,             0.73834,            0.012475,           0.0026482,           0.0081652,           0.0064756,           0.0064756,           0.0064756
                 180,            0.021142,           0.0084701,            0.018408,             0.92092,             0.85324,             0.90587,             0.70729,            0.013011,           0.0029617,           0.0067541,           0.0064558,           0.0064558,           0.0064558
                 181,             0.02164,           0.0085813,            0.018455,             0.92187,             0.84973,             0.91997,             0.72648,            0.012117,           0.0025907,           0.0071122,            0.006436,            0.006436,            0.006436
                 182,            0.021737,           0.0085807,            0.019657,             0.90785,              0.8417,              0.9158,              0.7199,            0.012399,           0.0025695,           0.0076114,           0.0064162,           0.0064162,           0.0064162
                 183,            0.021005,           0.0089161,            0.017992,             0.81767,             0.85659,             0.91408,              0.7246,            0.012113,           0.0028521,           0.0092165,           0.0063964,           0.0063964,           0.0063964
                 184,            0.020305,           0.0084157,            0.017567,             0.85848,             0.82222,             0.90946,              0.7095,            0.012307,            0.002877,            0.007975,           0.0063766,           0.0063766,           0.0063766
                 185,            0.020908,           0.0079744,            0.016701,             0.87694,             0.82286,             0.90156,             0.70099,            0.012238,           0.0028157,           0.0088751,           0.0063568,           0.0063568,           0.0063568
                 186,            0.021389,           0.0086563,             0.02049,             0.87995,             0.84199,              0.8921,             0.68734,             0.01212,           0.0028412,            0.009383,            0.006337,            0.006337,            0.006337
                 187,            0.021087,           0.0085291,            0.018024,             0.88955,             0.86665,             0.93466,             0.75519,            0.011818,           0.0027314,           0.0077784,           0.0063172,           0.0063172,           0.0063172
                 188,            0.020207,           0.0086828,            0.019613,             0.93997,             0.86342,             0.94167,             0.73452,            0.012403,           0.0027072,           0.0068764,           0.0062974,           0.0062974,           0.0062974
                 189,            0.020535,           0.0080623,            0.018615,             0.84892,             0.84141,              0.9115,             0.73054,              0.0115,           0.0025956,            0.010235,           0.0062776,           0.0062776,           0.0062776
                 190,            0.022515,           0.0087344,            0.018288,             0.87001,             0.86217,             0.92616,             0.73351,            0.011517,           0.0028788,           0.0071091,           0.0062578,           0.0062578,           0.0062578
                 191,            0.020718,           0.0082802,            0.018557,             0.87076,              0.8663,             0.93979,             0.75954,            0.011995,           0.0029278,           0.0070198,            0.006238,            0.006238,            0.006238
                 192,            0.020627,           0.0086616,            0.018732,             0.88749,             0.81875,             0.92255,             0.73845,            0.011904,           0.0027175,            0.010259,           0.0062182,           0.0062182,           0.0062182
                 193,            0.021025,            0.008326,            0.017355,             0.90884,             0.85327,             0.94106,             0.73885,            0.012395,           0.0026575,           0.0079513,           0.0061984,           0.0061984,           0.0061984
                 194,            0.021476,           0.0084481,            0.019473,             0.89018,             0.85423,              0.9105,             0.70303,            0.012756,           0.0027221,           0.0061809,           0.0061786,           0.0061786,           0.0061786
                 195,             0.02063,           0.0087675,            0.019089,             0.90188,             0.86042,              0.9201,             0.72508,            0.012551,           0.0027891,           0.0072136,           0.0061588,           0.0061588,           0.0061588
                 196,             0.02176,           0.0084401,            0.020598,             0.91603,             0.87249,             0.91466,             0.71295,            0.012476,           0.0028731,           0.0068044,            0.006139,            0.006139,            0.006139
                 197,            0.019821,           0.0080613,            0.014085,             0.91585,             0.87582,             0.92646,             0.70978,            0.012644,           0.0029903,           0.0060133,           0.0061192,           0.0061192,           0.0061192
                 198,            0.019885,           0.0081577,            0.017571,             0.91989,             0.86564,             0.93561,             0.74945,            0.012407,           0.0027586,           0.0056918,           0.0060994,           0.0060994,           0.0060994
                 199,            0.019796,           0.0080904,            0.015864,             0.91393,              0.8617,             0.92599,             0.75053,            0.011392,           0.0026869,           0.0063741,           0.0060796,           0.0060796,           0.0060796
                 200,            0.020301,            0.008235,            0.015249,             0.87231,             0.86958,             0.92873,              0.7663,             0.01141,           0.0027088,            0.006901,           0.0060598,           0.0060598,           0.0060598
                 201,             0.01984,             0.00832,            0.015995,              0.8843,             0.84945,             0.92622,             0.74607,            0.012177,           0.0025945,           0.0084292,             0.00604,             0.00604,             0.00604
                 202,            0.019858,           0.0084411,            0.014143,             0.87472,              0.8596,             0.93071,             0.72354,            0.012733,           0.0026899,           0.0089559,           0.0060202,           0.0060202,           0.0060202
                 203,            0.021161,           0.0085133,            0.017727,             0.88042,             0.85665,             0.92343,             0.73771,            0.012203,            0.002527,           0.0090012,           0.0060004,           0.0060004,           0.0060004
                 204,            0.020372,           0.0079869,            0.014761,             0.90977,             0.82515,              0.9115,             0.73574,            0.011289,           0.0025898,           0.0096219,           0.0059806,           0.0059806,           0.0059806
                 205,            0.020787,           0.0083222,            0.015813,             0.90395,             0.84315,              0.9266,             0.71865,            0.012976,           0.0028927,            0.011625,           0.0059608,           0.0059608,           0.0059608
                 206,             0.01966,           0.0083429,            0.014611,              0.8695,             0.86321,             0.91189,             0.71378,            0.012273,           0.0027965,           0.0092417,            0.005941,            0.005941,            0.005941
                 207,             0.02008,           0.0076334,            0.017276,             0.88213,             0.86666,             0.91501,              0.7354,            0.011529,           0.0029095,           0.0094719,           0.0059212,           0.0059212,           0.0059212
                 208,            0.020229,            0.007942,            0.017195,             0.87533,             0.85928,             0.91356,             0.73283,            0.011609,           0.0028775,           0.0090247,           0.0059014,           0.0059014,           0.0059014
                 209,            0.018878,            0.008264,            0.016364,             0.89948,             0.87007,             0.92816,             0.71722,            0.012776,           0.0028194,           0.0061129,           0.0058816,           0.0058816,           0.0058816
                 210,            0.019096,            0.008098,            0.015735,              0.8947,             0.85329,             0.91466,             0.71258,            0.012968,           0.0028569,            0.006563,           0.0058618,           0.0058618,           0.0058618
                 211,            0.020544,           0.0082541,            0.015917,             0.91203,              0.8776,             0.94157,              0.7702,            0.011612,            0.002638,           0.0065993,            0.005842,            0.005842,            0.005842
                 212,            0.019585,           0.0080473,            0.016009,             0.90825,             0.86455,             0.92392,              0.7503,            0.011351,           0.0024918,           0.0064355,           0.0058222,           0.0058222,           0.0058222
                 213,            0.020401,           0.0085677,            0.018497,             0.88808,             0.87413,              0.9253,              0.7521,            0.011989,           0.0025346,             0.00836,           0.0058024,           0.0058024,           0.0058024
                 214,            0.019958,           0.0084078,            0.017188,              0.8884,             0.83558,              0.9211,             0.75143,            0.011031,           0.0024668,           0.0083735,           0.0057826,           0.0057826,           0.0057826
                 215,             0.01975,           0.0081162,              0.0175,             0.84137,             0.88825,             0.93011,             0.76937,            0.011312,           0.0024421,            0.007791,           0.0057628,           0.0057628,           0.0057628
                 216,             0.02051,           0.0080082,            0.015504,             0.80125,             0.89811,             0.91548,             0.73168,             0.01228,           0.0025605,           0.0078544,            0.005743,            0.005743,            0.005743
                 217,            0.019387,           0.0080999,             0.01611,             0.84985,             0.87785,             0.93678,             0.75093,            0.011881,           0.0024755,           0.0080016,           0.0057232,           0.0057232,           0.0057232
                 218,             0.02064,           0.0080819,            0.016435,             0.89061,             0.83999,             0.94134,              0.7544,             0.01201,           0.0026023,           0.0072127,           0.0057034,           0.0057034,           0.0057034
                 219,            0.020186,           0.0083985,            0.017877,             0.88556,             0.83795,             0.92143,             0.72893,             0.01197,           0.0025547,           0.0084681,           0.0056836,           0.0056836,           0.0056836
                 220,            0.020399,           0.0083206,            0.017831,             0.87022,             0.86168,             0.92476,             0.75155,            0.011247,           0.0025352,           0.0070268,           0.0056638,           0.0056638,           0.0056638
                 221,            0.019997,            0.008266,            0.015963,              0.9137,             0.86553,             0.93384,             0.75111,            0.011967,           0.0025368,           0.0069688,            0.005644,            0.005644,            0.005644
                 222,            0.018898,           0.0079501,            0.015149,             0.88166,             0.84852,              0.9395,             0.74912,            0.011418,           0.0024163,           0.0074457,           0.0056242,           0.0056242,           0.0056242
                 223,            0.018105,           0.0080588,            0.013908,             0.90649,              0.8382,             0.92591,             0.75305,            0.011314,           0.0024165,           0.0073639,           0.0056044,           0.0056044,           0.0056044
                 224,            0.019017,           0.0076954,            0.016185,             0.89148,              0.8539,             0.93641,              0.7503,            0.011734,           0.0025629,            0.010056,           0.0055846,           0.0055846,           0.0055846
                 225,             0.02023,           0.0081757,            0.014088,             0.90771,             0.87569,             0.90206,             0.73186,            0.011695,            0.002545,           0.0097281,           0.0055648,           0.0055648,           0.0055648
                 226,            0.020117,           0.0080202,            0.015629,             0.88935,             0.85722,             0.91205,             0.72359,            0.011989,           0.0024239,            0.010347,            0.005545,            0.005545,            0.005545
                 227,            0.019497,           0.0081553,            0.014072,             0.89138,             0.84774,             0.93988,              0.7574,             0.01105,            0.002585,            0.007699,           0.0055252,           0.0055252,           0.0055252
                 228,            0.020438,           0.0077027,            0.016714,             0.86596,             0.86935,               0.934,             0.74899,            0.012049,            0.002633,           0.0070733,           0.0055054,           0.0055054,           0.0055054
                 229,            0.020047,           0.0075893,            0.014279,             0.85772,             0.88499,             0.93493,             0.74461,            0.011586,           0.0025426,           0.0065047,           0.0054856,           0.0054856,           0.0054856
                 230,            0.019246,           0.0077263,             0.01617,             0.88045,             0.82624,             0.94547,             0.75156,             0.01169,           0.0026195,           0.0076874,           0.0054658,           0.0054658,           0.0054658
                 231,            0.019322,           0.0076895,            0.016001,             0.89696,             0.84546,             0.92253,             0.75094,             0.01123,           0.0026139,           0.0082139,            0.005446,            0.005446,            0.005446
                 232,            0.019172,           0.0078275,            0.015962,             0.88766,             0.86781,             0.94529,             0.77712,            0.010982,           0.0025256,           0.0066901,           0.0054262,           0.0054262,           0.0054262
                 233,            0.019737,           0.0081371,            0.017205,             0.91671,             0.84416,             0.94186,              0.7636,            0.011197,            0.002602,           0.0050012,           0.0054064,           0.0054064,           0.0054064
                 234,            0.018273,           0.0080642,            0.015604,              0.8981,              0.8847,             0.94517,              0.7909,            0.010366,           0.0024777,           0.0055414,           0.0053866,           0.0053866,           0.0053866
                 235,            0.019378,           0.0076646,            0.016009,             0.88116,             0.84708,             0.94006,             0.75657,            0.011437,           0.0026334,           0.0065786,           0.0053668,           0.0053668,           0.0053668
                 236,            0.018167,           0.0079765,            0.014121,             0.88633,             0.89562,             0.94379,             0.76376,             0.01095,           0.0024202,           0.0060803,            0.005347,            0.005347,            0.005347
                 237,            0.019239,            0.007688,            0.015999,             0.84885,             0.89313,             0.92295,                0.75,            0.012164,           0.0024321,           0.0074316,           0.0053272,           0.0053272,           0.0053272
                 238,            0.019629,           0.0078568,            0.014596,             0.86336,             0.82269,             0.91714,             0.74034,            0.011046,           0.0026005,           0.0099934,           0.0053074,           0.0053074,           0.0053074
                 239,            0.018561,           0.0079096,            0.013955,              0.8633,             0.84628,             0.90338,              0.7384,            0.011099,           0.0025808,           0.0091913,           0.0052876,           0.0052876,           0.0052876
                 240,            0.018953,           0.0080269,             0.01624,             0.87101,             0.86938,             0.93976,             0.76412,            0.011173,           0.0026076,             0.00728,           0.0052678,           0.0052678,           0.0052678
                 241,             0.01894,           0.0078254,            0.016548,             0.87481,             0.86088,             0.93086,             0.72939,             0.01224,           0.0028183,           0.0068806,            0.005248,            0.005248,            0.005248
                 242,            0.019332,           0.0078264,            0.015384,             0.91146,             0.85738,             0.93081,             0.73782,             0.01198,           0.0027184,           0.0068151,           0.0052282,           0.0052282,           0.0052282
                 243,            0.019708,           0.0080001,            0.016327,             0.89971,             0.84591,             0.91209,             0.73937,            0.011415,           0.0025747,           0.0097041,           0.0052084,           0.0052084,           0.0052084
                 244,            0.019999,           0.0082082,            0.014602,             0.91433,             0.83387,             0.90032,             0.70038,            0.012107,           0.0026995,           0.0096206,           0.0051886,           0.0051886,           0.0051886
                 245,            0.019069,           0.0076437,            0.014109,             0.88466,             0.86923,             0.92563,             0.72758,            0.012149,           0.0025135,           0.0078182,           0.0051688,           0.0051688,           0.0051688
                 246,            0.019537,           0.0079831,            0.013745,             0.85301,             0.88317,             0.93888,             0.76133,             0.01107,           0.0024797,            0.006739,            0.005149,            0.005149,            0.005149
                 247,             0.01875,           0.0081043,            0.013954,             0.85164,             0.86633,             0.93602,             0.73631,            0.011628,           0.0027308,           0.0061547,           0.0051292,           0.0051292,           0.0051292
                 248,            0.018928,           0.0079072,            0.013609,             0.92812,             0.83174,             0.93683,             0.75806,            0.011019,           0.0026056,           0.0077703,           0.0051094,           0.0051094,           0.0051094
                 249,            0.019426,           0.0082254,            0.014615,             0.92231,             0.83531,             0.94528,             0.75868,            0.011291,           0.0026349,           0.0074809,           0.0050896,           0.0050896,           0.0050896
                 250,            0.019374,           0.0079761,            0.013756,             0.85622,             0.84341,             0.94242,             0.75231,            0.011627,           0.0025811,           0.0084028,           0.0050698,           0.0050698,           0.0050698
                 251,            0.017777,           0.0079559,            0.015385,             0.83691,             0.83649,             0.91114,             0.73698,            0.011036,           0.0026333,           0.0096019,             0.00505,             0.00505,             0.00505
                 252,            0.019816,           0.0081266,            0.016234,             0.87764,             0.85164,             0.91572,             0.73411,            0.011178,           0.0027954,           0.0095035,           0.0050302,           0.0050302,           0.0050302
                 253,            0.017841,           0.0076091,            0.015062,             0.89283,             0.85215,             0.92823,             0.72405,            0.011751,           0.0027494,           0.0084846,           0.0050104,           0.0050104,           0.0050104
                 254,            0.018317,           0.0077221,            0.013535,             0.88595,             0.85641,             0.93285,              0.7298,            0.012498,           0.0027335,           0.0075871,           0.0049906,           0.0049906,           0.0049906
                 255,            0.019249,           0.0077369,            0.014205,             0.90076,              0.8381,             0.93887,             0.75203,            0.011397,           0.0024946,            0.008408,           0.0049708,           0.0049708,           0.0049708
                 256,            0.020212,           0.0078745,            0.015201,             0.92038,             0.84029,             0.91133,             0.70728,            0.012234,           0.0025869,           0.0087566,            0.004951,            0.004951,            0.004951
                 257,            0.019739,           0.0079619,            0.013962,             0.90944,             0.87095,             0.92129,             0.73821,            0.011328,           0.0025572,           0.0085819,           0.0049312,           0.0049312,           0.0049312
                 258,            0.018595,            0.007722,            0.013549,             0.88374,             0.86869,              0.9225,             0.72762,            0.011536,            0.002537,           0.0090394,           0.0049114,           0.0049114,           0.0049114
                 259,            0.018008,            0.007741,            0.013106,             0.85538,             0.85983,             0.93727,             0.75267,            0.010799,           0.0024931,           0.0087352,           0.0048916,           0.0048916,           0.0048916
                 260,             0.01832,           0.0077716,            0.014412,             0.89747,             0.83232,             0.93125,             0.73252,            0.011776,           0.0024786,           0.0099515,           0.0048718,           0.0048718,           0.0048718
                 261,            0.020096,           0.0081351,            0.015439,             0.89114,             0.85078,             0.93645,             0.73387,            0.011871,           0.0024843,           0.0094172,            0.004852,            0.004852,            0.004852
                 262,            0.019936,           0.0079677,            0.014568,             0.90032,              0.8574,             0.91162,             0.72818,            0.011762,            0.002414,           0.0080231,           0.0048322,           0.0048322,           0.0048322
                 263,            0.019433,           0.0078531,            0.015215,             0.90851,             0.85638,             0.91059,             0.73374,            0.011621,           0.0024304,           0.0084455,           0.0048124,           0.0048124,           0.0048124
                 264,            0.018049,           0.0075908,            0.013263,             0.90666,             0.86002,             0.91271,             0.71773,            0.011357,           0.0024555,           0.0088072,           0.0047926,           0.0047926,           0.0047926
                 265,            0.018012,           0.0076462,            0.013089,              0.9002,             0.85244,             0.90879,             0.72973,             0.01136,           0.0023859,           0.0084695,           0.0047728,           0.0047728,           0.0047728
                 266,            0.018422,           0.0075448,            0.011881,              0.8626,             0.86884,             0.91595,             0.73148,            0.011194,            0.002418,           0.0087371,            0.004753,            0.004753,            0.004753
                 267,            0.019049,           0.0076037,            0.011477,              0.8915,             0.83603,             0.92023,             0.74997,            0.011333,           0.0024906,            0.010122,           0.0047332,           0.0047332,           0.0047332
                 268,             0.01979,           0.0077149,            0.014744,               0.874,             0.86223,             0.89252,             0.71068,            0.011693,            0.002544,            0.010324,           0.0047134,           0.0047134,           0.0047134
                 269,            0.018016,           0.0077108,               0.014,             0.88732,             0.86158,             0.90937,             0.73034,            0.011408,           0.0025553,            0.009052,           0.0046936,           0.0046936,           0.0046936
                 270,            0.018724,           0.0076693,            0.014109,              0.8784,             0.84347,             0.92563,             0.74394,            0.011514,           0.0026545,           0.0085458,           0.0046738,           0.0046738,           0.0046738
                 271,            0.018683,           0.0073833,            0.013133,             0.86843,             0.84484,             0.91817,             0.72262,             0.01187,           0.0027589,           0.0092659,            0.004654,            0.004654,            0.004654
                 272,            0.018387,           0.0072887,            0.012044,             0.88439,              0.8218,              0.9114,             0.72242,            0.011879,           0.0026094,            0.010123,           0.0046342,           0.0046342,           0.0046342
                 273,            0.017504,           0.0072456,            0.011566,              0.8975,             0.81061,             0.91231,             0.73023,            0.011372,           0.0026333,            0.010305,           0.0046144,           0.0046144,           0.0046144
                 274,            0.017289,           0.0075485,            0.011196,             0.85529,             0.83027,             0.92098,             0.72783,            0.011931,           0.0026819,           0.0094479,           0.0045946,           0.0045946,           0.0045946
                 275,             0.01835,           0.0076882,             0.01314,             0.84062,             0.85376,             0.92628,              0.7429,               0.012,           0.0026657,           0.0072428,           0.0045748,           0.0045748,           0.0045748
                 276,            0.019167,           0.0072196,            0.015805,             0.86927,             0.84205,             0.93671,             0.76124,            0.011233,           0.0026051,           0.0067791,            0.004555,            0.004555,            0.004555
                 277,            0.019188,           0.0077673,            0.013462,             0.89638,             0.85587,             0.91344,             0.75035,            0.010536,           0.0025117,           0.0077039,           0.0045352,           0.0045352,           0.0045352
                 278,            0.018869,           0.0073423,            0.012258,             0.85198,             0.84424,              0.9086,              0.7392,            0.011133,           0.0025719,            0.007796,           0.0045154,           0.0045154,           0.0045154
                 279,            0.018515,           0.0080148,            0.014384,             0.85661,             0.87727,             0.93134,              0.7435,            0.011746,           0.0026911,           0.0076366,           0.0044956,           0.0044956,           0.0044956
                 280,            0.017962,           0.0075905,            0.013596,             0.88107,                0.86,             0.92788,             0.74148,            0.011866,           0.0026238,           0.0087284,           0.0044758,           0.0044758,           0.0044758
                 281,            0.017806,           0.0075733,            0.014159,             0.88889,             0.86637,             0.91575,             0.74194,            0.012066,           0.0025009,           0.0071829,            0.004456,            0.004456,            0.004456
                 282,            0.017493,           0.0076908,            0.014762,              0.8767,               0.866,             0.94123,             0.76087,             0.01125,           0.0023594,           0.0070895,           0.0044362,           0.0044362,           0.0044362
                 283,             0.01722,           0.0076886,            0.013518,             0.88004,             0.85393,             0.92087,             0.74916,            0.010615,           0.0023759,           0.0093544,           0.0044164,           0.0044164,           0.0044164
                 284,            0.017999,            0.007351,            0.013469,             0.88943,             0.84827,             0.90912,             0.73997,            0.010447,           0.0025029,            0.010229,           0.0043966,           0.0043966,           0.0043966
                 285,            0.018433,           0.0075874,            0.013336,             0.79089,             0.88008,             0.90403,             0.71537,            0.011474,           0.0025589,            0.010342,           0.0043768,           0.0043768,           0.0043768
                 286,            0.017144,           0.0072698,            0.011716,             0.85923,             0.85079,             0.91086,              0.7245,            0.011565,           0.0025595,            0.011199,            0.004357,            0.004357,            0.004357
                 287,            0.018183,           0.0075765,            0.012766,             0.84398,             0.84505,             0.92721,             0.73308,            0.011432,           0.0024904,            0.010255,           0.0043372,           0.0043372,           0.0043372
                 288,            0.017818,           0.0077767,            0.013664,             0.76759,             0.87581,             0.93017,             0.73838,            0.011536,           0.0027531,            0.010833,           0.0043174,           0.0043174,           0.0043174
                 289,            0.017767,           0.0075211,            0.012761,             0.88214,             0.80828,             0.91895,             0.74594,            0.011297,           0.0026807,            0.011749,           0.0042976,           0.0042976,           0.0042976
                 290,            0.017452,           0.0073079,            0.011336,              0.8932,             0.86367,             0.92302,             0.73009,            0.011879,           0.0025859,           0.0094519,           0.0042778,           0.0042778,           0.0042778
                 291,            0.018718,           0.0075951,            0.011233,             0.89918,             0.87377,             0.92435,             0.72042,            0.012422,           0.0025481,           0.0085662,            0.004258,            0.004258,            0.004258
                 292,            0.018118,             0.00782,            0.014251,             0.88985,             0.86354,             0.92751,             0.74721,             0.01154,           0.0024585,           0.0093002,           0.0042382,           0.0042382,           0.0042382
                 293,             0.01897,           0.0076157,            0.012856,             0.91022,             0.83463,             0.93758,             0.74669,            0.011701,           0.0024312,           0.0097583,           0.0042184,           0.0042184,           0.0042184
                 294,            0.017334,           0.0075505,            0.012567,             0.90971,             0.82882,              0.9374,             0.76148,            0.011109,           0.0024877,           0.0091929,           0.0041986,           0.0041986,           0.0041986
                 295,            0.018904,           0.0076869,            0.014142,              0.9193,             0.86667,             0.93759,             0.74726,            0.012103,           0.0026271,            0.008608,           0.0041788,           0.0041788,           0.0041788
                 296,            0.018403,           0.0074376,            0.014759,             0.88933,             0.88037,             0.93365,              0.7374,            0.011676,           0.0026304,           0.0076201,            0.004159,            0.004159,            0.004159
                 297,            0.017408,           0.0074205,            0.011569,             0.90227,              0.8729,             0.94323,             0.75679,            0.011466,           0.0026346,           0.0074225,           0.0041392,           0.0041392,           0.0041392
                 298,            0.016656,            0.007611,            0.013468,             0.87801,              0.8669,             0.94754,             0.75648,            0.011369,            0.002576,           0.0068934,           0.0041194,           0.0041194,           0.0041194
                 299,             0.01734,           0.0070531,            0.014732,             0.91155,             0.81262,             0.91525,             0.73174,            0.010991,           0.0025953,           0.0080466,           0.0040996,           0.0040996,           0.0040996
                 300,            0.016727,           0.0075005,             0.01081,             0.90562,             0.86179,             0.91883,             0.75334,            0.011521,           0.0024969,           0.0086908,           0.0040798,           0.0040798,           0.0040798
                 301,            0.016964,           0.0072378,             0.01117,              0.8844,             0.88062,             0.94019,             0.76483,            0.010935,           0.0024252,            0.008965,             0.00406,             0.00406,             0.00406
                 302,            0.018027,           0.0077322,            0.012434,             0.87125,             0.88082,             0.91018,             0.72671,            0.011488,           0.0024615,           0.0081867,           0.0040402,           0.0040402,           0.0040402
                 303,            0.017559,           0.0072598,            0.010494,             0.82736,             0.90964,             0.90332,             0.72848,            0.011149,           0.0024854,           0.0083487,           0.0040204,           0.0040204,           0.0040204
                 304,            0.017428,           0.0072063,            0.011244,             0.91197,             0.80235,              0.9109,             0.73922,            0.011336,           0.0025403,            0.010572,           0.0040006,           0.0040006,           0.0040006
                 305,            0.017825,           0.0075615,            0.012906,              0.9053,             0.79898,             0.91899,             0.74328,            0.011286,           0.0025104,            0.012173,           0.0039808,           0.0039808,           0.0039808
                 306,            0.017268,           0.0073265,            0.013134,             0.76039,              0.8785,             0.90925,             0.72581,            0.011742,           0.0024947,            0.012492,            0.003961,            0.003961,            0.003961
                 307,            0.016217,           0.0073326,            0.010772,             0.89492,              0.8572,             0.91977,             0.73551,            0.011851,           0.0025082,            0.010927,           0.0039412,           0.0039412,           0.0039412
                 308,            0.016369,           0.0074666,             0.01158,             0.89966,             0.87212,             0.92313,             0.73918,            0.011992,           0.0025647,           0.0099198,           0.0039214,           0.0039214,           0.0039214
                 309,            0.016445,           0.0071847,             0.01142,             0.90541,             0.85669,             0.93036,             0.74267,            0.012288,            0.002579,           0.0094409,           0.0039016,           0.0039016,           0.0039016
                 310,            0.017123,           0.0072948,            0.011032,             0.90451,             0.85588,             0.91996,             0.71757,            0.012403,           0.0025949,           0.0099616,           0.0038818,           0.0038818,           0.0038818
                 311,            0.017101,           0.0071246,            0.010842,             0.86484,             0.86509,             0.94353,             0.76442,            0.011909,            0.002566,            0.009892,            0.003862,            0.003862,            0.003862
                 312,            0.017606,           0.0072522,            0.012366,              0.8699,              0.8568,             0.92193,             0.75239,            0.011662,           0.0025963,           0.0098163,           0.0038422,           0.0038422,           0.0038422
                 313,            0.017666,           0.0072468,            0.013793,             0.90713,             0.85475,             0.89487,             0.71787,            0.011924,           0.0025905,            0.010116,           0.0038224,           0.0038224,           0.0038224
                 314,            0.016999,           0.0074248,             0.01187,             0.91189,             0.86795,             0.90164,             0.71881,            0.012096,           0.0024917,            0.010372,           0.0038026,           0.0038026,           0.0038026
                 315,            0.017481,           0.0072051,             0.01121,             0.88956,             0.85312,             0.90891,              0.7241,            0.011773,           0.0025261,            0.011293,           0.0037828,           0.0037828,           0.0037828
                 316,             0.01718,           0.0071183,            0.010909,             0.85553,             0.87817,             0.90196,             0.72745,             0.01173,           0.0025951,            0.011607,            0.003763,            0.003763,            0.003763
                 317,            0.016966,           0.0075425,            0.011177,             0.90061,             0.82819,             0.90304,             0.73239,            0.011162,           0.0024336,            0.010152,           0.0037432,           0.0037432,           0.0037432
                 318,            0.017292,           0.0071987,            0.010416,             0.86122,             0.87995,             0.90453,             0.73241,            0.011206,           0.0023832,            0.010207,           0.0037234,           0.0037234,           0.0037234
                 319,            0.016839,           0.0071857,           0.0099968,             0.90538,             0.86551,             0.89913,             0.72778,            0.010909,           0.0024059,            0.011332,           0.0037036,           0.0037036,           0.0037036
                 320,            0.017247,           0.0072239,           0.0098583,             0.89773,             0.84418,             0.89465,             0.72426,            0.011227,            0.002383,            0.012449,           0.0036838,           0.0036838,           0.0036838
                 321,            0.017808,           0.0072073,            0.010283,             0.87867,             0.85048,             0.89491,             0.72044,            0.011262,           0.0024374,            0.011392,            0.003664,            0.003664,            0.003664
                 322,            0.015986,           0.0070369,            0.012072,             0.88249,             0.85754,             0.89702,             0.72798,            0.010914,           0.0025069,            0.010005,           0.0036442,           0.0036442,           0.0036442
                 323,            0.018432,           0.0071966,            0.010855,              0.8785,             0.87755,             0.91242,             0.74194,            0.011067,           0.0024958,           0.0086086,           0.0036244,           0.0036244,           0.0036244
                 324,             0.01753,           0.0066524,            0.011828,             0.91219,             0.86898,              0.9118,             0.74011,            0.011126,           0.0026461,           0.0087627,           0.0036046,           0.0036046,           0.0036046
                 325,            0.016241,           0.0070311,            0.011591,             0.89641,                0.86,             0.91136,             0.73773,            0.010967,            0.002808,           0.0095483,           0.0035848,           0.0035848,           0.0035848
                 326,            0.018404,           0.0076272,            0.012104,             0.89995,             0.85325,             0.91066,             0.73898,              0.0113,           0.0027233,             0.01073,            0.003565,            0.003565,            0.003565
                 327,            0.016147,           0.0072477,            0.011161,             0.90946,             0.85438,              0.9177,             0.73638,            0.011285,           0.0026637,            0.010577,           0.0035452,           0.0035452,           0.0035452
                 328,            0.017302,           0.0071829,            0.011349,              0.9219,             0.87406,             0.90493,              0.7345,            0.011461,           0.0026721,           0.0081304,           0.0035254,           0.0035254,           0.0035254
                 329,            0.015866,           0.0067264,            0.010584,             0.92023,             0.88493,             0.90595,              0.7318,            0.011481,           0.0025664,           0.0065663,           0.0035056,           0.0035056,           0.0035056
                 330,            0.016768,           0.0070653,           0.0098999,             0.92401,             0.88636,             0.92661,             0.74084,            0.011773,           0.0024967,           0.0064947,           0.0034858,           0.0034858,           0.0034858
                 331,            0.017371,           0.0070211,            0.010486,             0.90203,             0.88198,              0.9244,             0.74111,            0.011323,           0.0024767,           0.0076684,            0.003466,            0.003466,            0.003466
                 332,            0.016516,           0.0070303,            0.010876,             0.90382,             0.87491,             0.93076,             0.74448,            0.010997,           0.0024011,           0.0081364,           0.0034462,           0.0034462,           0.0034462
                 333,            0.016282,           0.0066401,            0.010173,             0.91612,             0.86942,             0.92789,             0.75008,            0.011054,           0.0024828,           0.0078341,           0.0034264,           0.0034264,           0.0034264
                 334,            0.015864,           0.0067695,            0.010362,             0.92355,             0.87115,             0.92396,             0.73892,            0.011491,           0.0026274,           0.0071596,           0.0034066,           0.0034066,           0.0034066
